1,Donny,Bemlott,Male
2,Craig,Rockhall,Male
3,Aviva,Gabbett,Agender
4,Sanders,Staff,Male
5,Dareen,McGilvray,Male
6,Johnna,Vicker,Female
7,Ham,Northgraves,Male
8,Alyss,Kinton,Male
9,Cecelia,Leport,Polygender
10,Scotti,Begin,Female
11,Eddy,Fairlem,Female
12,Nels,Denizet,Agender
13,Jacqueline,Gunderson,Male
14,Carlota,Fessier,Male
15,Devin,Northway,Male
16,Hugo,Grunbaum,Bigender
17,Julieta,Erskine,Male
18,Misha,MacMichael,Male
19,Cam,Hoffner,Female
20,Ring,Chafney,Female
21,Alie,Newdick,Male
22,Agnesse,Stuckey,Male
23,Renie,Noury,Polygender
24,Kacy,Thompson,Female
25,Bernarr,Legion,Genderfluid
26,Kellen,Larner,Male
27,Robin,Dorian,Female
28,Luigi,Goater,Male
29,Lindy,Blazic,Male
30,Scarlett,Archbutt,Female
31,Gifford,Jellis,Genderqueer
32,Angelika,MacCostye,Male
33,Rozalie,Spilsted,Female
34,Marris,Hulmes,Non-binary
35,Courtnay,Echelle,Female
36,Kathrine,Behnke,Male
37,Milena,Golsthorp,Male
38,Stevy,Shorton,Male
39,Aube,Jowitt,Male
40,Jamie,Stenett,Male
41,Rafaelia,Jackalin,Male
42,Valida,McKerrow,Male
43,Waring,Briddock,Female
44,Holden,Dyne,Female
45,Wylma,Stembridge,Female
46,Titos,Kollasch,Female
47,Roddy,Mechan,Male
48,Silvia,Edward,Female
49,Janice,Ascraft,Female
50,Vite,Aldwinckle,Male
51,Kandace,Herries,Female
52,Christen,Nemchinov,Agender
53,Everett,Rayner,Female
54,Byran,Frowen,Male
55,Shaina,Throssell,Female
56,Emlyn,Isaacson,Male
57,Earlie,Winspare,Female
58,Mylo,Cescon,Male
59,Bjorn,Meacher,Male
60,Van,Hawtry,Female
61,Melodie,Pucker,Female
62,Worth,Napoli,Female
63,Mead,Tinner,Female
64,Rebeca,Bartaletti,Genderfluid
65,Dolly,Balm,Male
66,Misha,Langley,Male
67,Errol,Kelston,Male
68,Cordy,Johnes,Genderqueer
69,Kissiah,Hatwell,Male
70,Manya,Bolf,Female
71,Pammi,Burnhams,Male
72,Maxwell,Brusle,Genderfluid
73,Whitney,Heinonen,Male
74,Cosette,Jenyns,Male
75,Ilysa,Ciepluch,Female
76,Saunder,Twinn,Male
77,Laetitia,Caton,Genderqueer
78,Barde,Archdeacon,Male
79,Tobye,Van De Cappelle,Female
80,Maximilian,Akers,Female
81,Nikolai,Tarbatt,Agender
82,Ryan,Aked,Female
83,Dicky,Passfield,Male
84,Harbert,Hiorn,Male
85,Neddie,Davoren,Female
86,Brett,Yarnold,Female
87,Florie,Fache,Male
88,Karol,Lett,Female
89,Monah,Whissell,Female
90,Trey,Cuzen,Female
91,Abraham,Okeshott,Male
92,Josh,Keyte,Male
93,Farrand,Webermann,Male
94,Korey,Emlyn,Male
95,Mycah,Ferryn,Male
96,Denise,Petters,Female
97,Misha,Billingsly,Female
98,Cindi,Brookes,Male
99,Electra,Mabbe,Female
100,Crichton,Keetch,Male
101,Gypsy,Cumine,Female
102,Lotty,De Biasi,Male
103,Liesa,Eliet,Male
104,Claudetta,Pyecroft,Male
105,Tracy,Olivet,Female
106,Tybie,O'Farris,Female
107,Allys,Linsay,Male
108,Ardeen,Baraclough,Female
109,Emile,Vase,Female
110,Fabian,Timmens,Male
111,Quinta,Denyakin,Female
112,Fransisco,Mullaly,Female
113,Evyn,Yedall,Male
114,Bethena,Scoone,Male
115,Humbert,Bottomley,Male
116,Sonny,De Laci,Male
117,Candide,Tarren,Female
118,Curcio,Lawn,Female
119,Greta,Skermer,Female
120,Lucine,Sandiford,Male
121,Sara,Charnley,Male
122,Celinka,Feaks,Female
123,Dyanne,Pilkinton,Female
124,Chad,Bavage,Male
125,Anallese,Serjent,Female
126,Delmar,Gow,Female
127,Rania,Aleksankov,Male
128,Robinson,Ianinotti,Female
129,Kata,Scroggie,Genderfluid
130,Appolonia,Rawnsley,Male
131,Maddie,Cheeseman,Female
132,Carry,Lanchberry,Male
133,Bradley,Sommerlie,Female
134,Erda,Zeplin,Male
135,Brantley,Matysik,Male
136,Ferd,Riseley,Male
137,Nannie,Graves,Male
138,Quintilla,Georgeot,Male
139,Trix,Bowle,Female
140,Arlette,Brewood,Male
141,Cosmo,Moulder,Male
142,Nissie,Dell Casa,Male
143,Quint,Rayburn,Male
144,Loria,Gomes,Male
145,Hyacintha,Fawthrop,Female
146,Andreas,Tyrwhitt,Male
147,Adria,Fitzsymonds,Male
148,Dalia,Colqueran,Male
149,Sarina,Ullrich,Male
150,Brendis,Merali,Female
151,Sonnie,Holdey,Male
152,Woody,Rustich,Female
153,Wyn,Stening,Female
154,Jamill,Ivons,Female
155,Penn,Kalinovich,Male
156,Nikos,Halwell,Genderqueer
157,Clayson,Fort,Female
158,Edythe,Stennard,Male
159,Lib,Vasile,Female
160,Halette,Orman,Female
161,Sunny,Hazeup,Male
162,Filberte,Blaskett,Male
163,Bernardina,Tookey,Male
164,Artus,Paoli,Female
165,Pamella,Pote,Male
166,Patrica,Loughrey,Female
167,Mort,Derycot,Female
168,Carolin,Columbine,Male
169,Gena,Pittson,Male
170,Hasheem,O'Sheils,Female
171,Hurley,Skilbeck,Female
172,Esmeralda,Schwanden,Male
173,Ruth,McCotter,Female
174,Hurley,Thynne,Female
175,Lesly,Banbrick,Male
176,Xymenes,Carbin,Female
177,Georgy,Gonthard,Male
178,Jefferson,Innwood,Female
179,Rene,Enderlein,Female
180,Cheslie,Carson,Female
181,Letitia,Hains,Female
182,Jeralee,Eadmeades,Female
183,Pavel,Yurkov,Female
184,Arnoldo,Kellar,Male
185,Ailis,Sheering,Male
186,Marylinda,Rainforth,Male
187,Beauregard,Lidgard,Female
188,Rod,Birk,Female
189,Matelda,Damper,Male
190,Ileana,Gokes,Female
191,Randie,Waldrum,Non-binary
192,Nikoletta,Kilminster,Male
193,Dorian,Milkins,Male
194,Abey,Gwinnel,Female
195,Phil,Steer,Male
196,Annaliese,Scutter,Female
197,Warner,Oakeshott,Male
198,Francklyn,Mathewes,Female
199,Marcella,Littefair,Female
200,Sauncho,Allan,Male
201,Kristal,Gendrich,Male
202,Cindelyn,Puig,Female
203,Ari,Ringe,Female
204,Darrell,Riccetti,Female
205,Cele,Cherry Holme,Female
206,Les,Crecy,Female
207,Orrin,Boone,Male
208,Hubert,Dudbridge,Male
209,Lukas,Maudson,Male
210,Mick,Vasishchev,Female
211,Jany,Ventura,Female
212,Zacharia,Pollicott,Male
213,Stephanie,Nitto,Male
214,Robinetta,Songust,Female
215,Angeline,Mollett,Male
216,Cynthia,Catonne,Polygender
217,Sophey,Mion,Male
218,Andriana,Dibson,Female
219,Billy,Narramore,Female
220,Alexine,Klimowski,Male
221,Salome,Leneham,Non-binary
222,Tarah,Soden,Female
223,Barnebas,Overton,Male
224,Pris,Lipmann,Female
225,Petronille,Meehan,Female
226,Devora,Dearan,Female
227,Melisa,Cheeld,Male
228,Halsy,Davenhall,Female
229,Clifford,Spino,Male
230,Michaella,Tumioto,Male
231,Teirtza,Branscomb,Male
232,Appolonia,Setchfield,Male
233,Aaren,Bucktharp,Polygender
234,Vivian,Goodchild,Agender
235,Crin,Whitehorne,Female
236,Ava,Bayne,Male
237,Hector,Kingaby,Female
238,Mandel,Novik,Male
239,Curran,Supple,Male
240,Alaster,Sparrowe,Female
241,Kayla,Bailie,Male
242,Smith,Coomber,Male
243,La verne,Sloam,Male
244,Kizzee,Haslegrave,Genderqueer
245,Morten,Torresi,Male
246,Honoria,Eschalotte,Male
247,Hollyanne,Foulger,Male
248,Rolland,Murrock,Female
249,Dorothea,Screase,Male
250,Lani,Gionettitti,Male
251,Steffane,Hadrill,Female
252,Lynett,Raper,Male
253,Coretta,Gillard,Female
254,Hewie,Mackerel,Female
255,Benjamen,Firth,Male
256,Brose,Wisniewski,Male
257,Judie,Yukhtin,Female
258,Staford,Keats,Female
259,Mateo,Raraty,Male
260,Constantina,Hartil,Male
261,Drusy,MacDonough,Male
262,Tisha,Taffs,Female
263,Pennie,McKevany,Female
264,Vernon,Stitfall,Female
265,Jennette,Motte,Female
266,Killian,Hosten,Non-binary
267,Shandra,MacKilroe,Male
268,Jessie,Mc Carroll,Female
269,Bria,Emanueli,Female
270,Alwyn,Giblin,Polygender
271,Byran,Youster,Male
272,Celesta,Guinnane,Female
273,Wren,Provost,Female
274,Cathrine,Wheelwright,Male
275,Hilly,Ciciotti,Polygender
276,Roseanna,Bleeze,Female
277,Illa,Kilner,Genderfluid
278,Holly-anne,Olczyk,Female
279,Jeremias,Ropert,Female
280,Nels,Eudall,Male
281,Kristoforo,Athow,Male
282,Florina,Atkirk,Polygender
283,Shirlene,Haimes,Female
284,Fran,Spry,Female
285,Bradan,Lisett,Male
286,Wilhelmine,Hellsdon,Male
287,Nissy,Rosenau,Male
288,Filide,McCrystal,Female
289,Conrad,Diament,Female
290,Dex,Camacke,Female
291,Brew,Lovejoy,Male
292,Kandy,Trasler,Female
293,Cesar,Baiyle,Male
294,Ryan,Weatherall,Genderqueer
295,Eberto,Willavoys,Male
296,Teriann,Balint,Female
297,Cecelia,Harriskine,Female
298,Helene,Dyne,Male
299,Pepito,de'-Ancy Willis,Female
300,Bastian,Meiklejohn,Female
301,Lucais,Olivie,Female
302,Clay,Drake,Agender
303,Pennie,Burberow,Male
304,Gabbie,Bagwell,Male
305,Kelley,Poulton,Female
306,Orv,Scurrey,Male
307,Glenine,Gowanson,Female
308,Dulciana,Birtwhistle,Female
309,Rita,Dowse,Male
310,Kandy,Crenshaw,Genderqueer
311,Peggie,D'Elia,Male
312,Guinna,Tivolier,Non-binary
313,Simone,Bartod,Female
314,Vonny,Felgate,Male
315,Zonnya,Habbert,Female
316,Courtney,Baxstare,Female
317,Errick,Hellings,Male
318,Oren,Rigby,Male
319,Berton,Savory,Non-binary
320,Malia,Spellsworth,Male
321,Thurston,Poker,Female
322,Alethea,Dee,Female
323,Abdel,Menault,Female
324,Annabella,Cornelisse,Male
325,Eadie,Standingford,Genderfluid
326,Pearce,Sauvage,Male
327,Andreas,Brecknall,Female
328,Adamo,Rable,Female
329,Rafa,Kunzler,Male
330,Tatiana,Stebbing,Male
331,Mella,Liptrot,Female
332,Benedetto,Meighan,Male
333,Morse,Kmietsch,Female
334,Winnie,Poacher,Male
335,Tilly,Webster,Male
336,Rayner,Wolverson,Female
337,Vevay,Clemenza,Male
338,Wilton,Lilleyman,Female
339,Sal,Redgrove,Male
340,Ginny,Scoterbosh,Male
341,Chelsy,Feldbaum,Female
342,Kori,Haveline,Female
343,Brewster,Huxtable,Female
344,Maryrose,Richards,Male
345,Hakeem,Heighway,Female
346,Dulcy,Dominick,Agender
347,Charlean,Adolfson,Female
348,Mayer,Timcke,Male
349,Millie,Skitt,Male
350,Cristie,Dougher,Male
351,Artair,Manby,Male
352,Kelly,Pavyer,Female
353,Elianora,Francillo,Male
354,Otis,Gonsalo,Bigender
355,Harriett,Lennarde,Male
356,Ibrahim,Exley,Genderfluid
357,Dario,Cotterell,Male
358,Garnet,Woolvett,Female
359,Lothaire,Diggar,Male
360,Tiler,Isgate,Agender
361,Irene,Testo,Male
362,Sharyl,Alner,Male
363,Rodina,Keenlyside,Female
364,Lauren,Halegarth,Polygender
365,Trey,Harrington,Female
366,Gav,Ilyunin,Male
367,King,Spragg,Female
368,Neala,McSorley,Female
369,Tulley,McClancy,Female
370,Royall,Boyda,Male
371,Davis,Wisam,Male
372,Abran,Turrill,Male
373,Charlot,Stranger,Female
374,Wayne,Antoszczyk,Female
375,Frank,Goward,Female
376,Delaney,Lillecrap,Male
377,Vanda,Glinde,Male
378,Deane,Carwithen,Male
379,Wilmer,Fryd,Male
380,Nathanial,Costello,Male
381,Zaria,Scrancher,Female
382,Dallas,Caldairou,Female
383,Dona,Lennox,Male
384,Tabbatha,Houson,Genderqueer
385,Nikolia,Hamnet,Female
386,Susann,Pauley,Male
387,Grier,Chesswas,Male
388,Jania,Klugman,Male
389,Katleen,Madrell,Non-binary
390,Bethany,Cheal,Male
391,Tierney,Honniebal,Female
392,Paddy,Bangley,Female
393,Keenan,Mayte,Male
394,Jose,Booi,Male
395,Wallis,Karet,Non-binary
396,Hirsch,Machon,Male
397,Greggory,Lightowlers,Female
398,Wendie,Cowans,Female
399,Toddy,Izod,Female
400,Vannie,Heustice,Male
401,Berkeley,Felton,Female
402,Thurston,Germon,Female
403,Richmond,Wattingham,Male
404,Adrian,Dundredge,Male
405,Tanitansy,Doget,Male
406,Kata,Hayhurst,Male
407,Karisa,Hegges,Male
408,Cecelia,Lainton,Male
409,Stevena,Bes,Male
410,Eleonore,Pipet,Female
411,Burty,Philippault,Polygender
412,Candra,Warlow,Female
413,Wallas,Kitchaside,Male
414,Rosamond,Becraft,Male
415,Massimiliano,Parchment,Female
416,Izaak,Royall,Female
417,Alwin,Fairclough,Female
418,Erek,Aslett,Female
419,Werner,Lackie,Male
420,Lyndy,Leeburne,Male
421,Suzi,Axe,Male
422,Hollyanne,Gerlack,Agender
423,Eleanora,Pawfoot,Male
424,Jasun,Le Grice,Male
425,Tailor,Littlefield,Male
426,Lancelot,Belton,Male
427,Krispin,Hoyte,Female
428,Buiron,Kleuer,Male
429,Allsun,Dove,Male
430,Giacinta,Dummer,Male
431,Karlan,Walster,Female
432,Talyah,De Marchi,Non-binary
433,Robby,Boultwood,Male
434,Charmian,Ovett,Agender
435,Babb,Whicher,Female
436,Serena,Pering,Female
437,Marcelia,Radin,Male
438,Samuele,Kennler,Male
439,Tish,Gladtbach,Female
440,Lira,Wigin,Female
441,Serge,Lebreton,Male
442,Martelle,Daniau,Male
443,Lucie,Haddeston,Female
444,Doll,Fiennes,Female
445,Row,Brownell,Female
446,Norri,Thams,Male
447,Say,Taynton,Female
448,Zitella,Boncoeur,Female
449,Hyacinthia,Starton,Female
450,Osmund,Fearns,Female
451,Alisun,Peerless,Non-binary
452,Knox,Libri,Male
453,Amalie,Norvel,Female
454,Gun,Guiness,Male
455,Adena,Shobbrook,Male
456,Nadiya,Burnip,Female
457,Buiron,Hazleton,Female
458,Andria,Faulkner,Male
459,Imelda,Frazier,Male
460,Leia,Potell,Female
461,Nap,Usborn,Male
462,Gonzales,Boick,Non-binary
463,Eddie,Forge,Female
464,Loralie,Middup,Female
465,Bernadene,Stannett,Male
466,Kristian,Meffen,Female
467,Kimberli,Peppin,Female
468,Christa,Andriveau,Male
469,Aldin,Orsi,Male
470,Evelyn,Cawte,Male
471,Helen,Stuchbury,Male
472,Nathanil,Lafrentz,Female
473,Udale,Garriock,Female
474,Lanita,Scorey,Male
475,Petronille,Arnli,Female
476,Cal,Florentine,Female
477,Korrie,Bellow,Female
478,Gena,Quogan,Male
479,Celestyn,Wilton,Female
480,Ellerey,Guyan,Male
481,Linc,Moules,Male
482,Sax,Cockroft,Male
483,Colas,Kinnard,Female
484,Ty,Birdwhistle,Female
485,Stacee,Brambley,Female
486,Nilson,Durtnel,Male
487,Ansell,Cleobury,Male
488,Ruperta,Ilyin,Female
489,Reilly,Ashdown,Male
490,Emmet,Wrighton,Female
491,Sibyl,Lansdown,Polygender
492,Alysia,Kerrey,Male
493,Alexis,Fairbridge,Female
494,Mary,Rasch,Male
495,Udall,Cullivan,Female
496,Hyacinthie,Lantry,Male
497,Keefe,Fairbridge,Female
498,Silvain,Caldairou,Male
499,Shaylynn,Gibbard,Female
500,Karolina,Bute,Male
501,Ailbert,Pengelley,Male
502,Danya,Cullrford,Female
503,Hyacinth,Buxcy,Female
504,Joni,Parram,Female
505,Hayyim,Isakowicz,Male
506,Penrod,Funnell,Female
507,Jenda,Chevin,Female
508,Con,Bowshire,Male
509,Gage,Klisch,Female
510,Susana,Fitter,Male
511,Ardine,Itzhayek,Male
512,Farlee,Allison,Male
513,Ivonne,Knightsbridge,Male
514,Kimberly,Morrison,Female
515,Vivyanne,Braizier,Female
516,Shaylynn,Chappelow,Genderfluid
517,Wenona,Olexa,Male
518,Baldwin,Livingstone,Female
519,Debi,McMillian,Female
520,Englebert,Reditt,Male
521,Abagail,Britch,Female
522,Barney,Klimkovich,Female
523,Bearnard,McGorman,Female
524,Dom,Brownfield,Female
525,Valentine,Warren,Female
526,Christos,Ianiello,Female
527,Carmencita,Jeafferson,Male
528,Agna,Matthews,Male
529,Demetris,Squeers,Female
530,Bail,Pavelin,Female
531,Marcille,Djurevic,Female
532,Janessa,Ottiwill,Female
533,Dredi,Tocqueville,Female
534,Chrissie,Pawden,Male
535,Maxi,Penzer,Female
536,Delora,Whapham,Female
537,Karlen,Draycott,Genderfluid
538,George,Anfonsi,Female
539,Phaedra,Ewestace,Male
540,Chloris,Lillecrap,Male
541,Brianna,Poile,Male
542,Garner,Pestor,Male
543,Talia,Langridge,Female
544,Carney,Accum,Male
545,Binnie,Snowball,Female
546,Randall,Gilberthorpe,Female
547,Northrup,Prudence,Female
548,Fabio,Galler,Female
549,Pavla,Pittwood,Female
550,Ax,Kissock,Male
551,Lionel,Waycot,Male
552,Godiva,Thaller,Female
553,Angie,Flagg,Male
554,Karleen,Braga,Bigender
555,Joseph,De Gregoli,Female
556,Elisa,Knell,Male
557,Angela,Dakhno,Male
558,Brnaby,Duerden,Female
559,Nikoletta,Fury,Male
560,Aubert,Gashion,Male
561,Rhys,Gourley,Female
562,Essy,Jedraszczyk,Female
563,Sheilakathryn,Pahler,Female
564,Willy,Kirkpatrick,Male
565,Marinna,Hyam,Female
566,Horatius,Hauck,Male
567,Petronilla,Probbin,Agender
568,Brian,Mundow,Male
569,Ashley,Vereker,Male
570,Justino,Schlagtmans,Bigender
571,Teodorico,Copley,Female
572,Nicoline,Sneezem,Male
573,Wally,Duesberry,Male
574,Muire,Paten,Male
575,Adore,Torbett,Male
576,Alejandrina,Graveson,Male
577,Dorey,Nestoruk,Male
578,Arron,Lotterington,Male
579,Emmye,Errol,Male
580,Euphemia,Lambot,Female
581,Ame,Dymock,Female
582,Neala,Toffaloni,Female
583,Jocelyn,Tatlow,Female
584,Norine,Neilan,Male
585,Denice,Goodram,Non-binary
586,Kippar,Cosyns,Male
587,Frazier,Grellis,Male
588,Sashenka,Catt,Male
589,Doloritas,Waslin,Male
590,Albrecht,Mulbry,Male
591,Tadeas,Mikalski,Female
592,Donny,Yearn,Male
593,Domini,Hurler,Female
594,Augusto,Barstock,Male
595,Robinetta,Punshon,Male
596,Leanor,O'Kuddyhy,Female
597,Sutherlan,Pollastrino,Male
598,Shaylyn,Walczak,Female
599,Neilla,Itzkowicz,Female
600,Say,Accombe,Female
601,Konrad,Sandifer,Female
602,Ailsun,Wones,Genderfluid
603,Linda,Portinari,Female
604,Hilde,Rye,Female
605,Felicdad,Cooksley,Male
606,Bernhard,Byllam,Female
607,Harlie,Mapson,Female
608,Hendrik,Saunper,Female
609,Nikolia,Morcom,Male
610,Rivi,Tong,Female
611,Raoul,Netherwood,Female
612,Artair,Ellesworthe,Male
613,Malina,Mynard,Agender
614,Celestine,Casley,Non-binary
615,Annis,Moresby,Male
616,Lewes,Pittle,Female
617,Bartram,Prine,Male
618,Maura,Valentino,Male
619,Anthea,Hardinge,Female
620,Shelby,Hugle,Female
621,Wells,Pietruszewicz,Female
622,Peterus,Vaneschi,Male
623,Cherry,Klosges,Male
624,Odie,Limrick,Female
625,Mara,Kellet,Polygender
626,Elsbeth,Speed,Female
627,Sidoney,Paike,Female
628,Brnaby,McDowell,Genderqueer
629,Florance,Blinckhorne,Male
630,Bendick,MacKenzie,Male
631,Jamima,Roger,Female
632,Louisette,Morrish,Female
633,Binny,Ipsgrave,Agender
634,Charmaine,Humbatch,Bigender
635,Hollyanne,MacHostie,Female
636,Jean,Leving,Female
637,Timmy,Brooker,Male
638,Cherise,Mouncher,Male
639,Fitzgerald,Raggitt,Female
640,Daveen,Baltrushaitis,Female
641,Jodie,Server,Male
642,Gallard,Whistlecroft,Male
643,Iris,Dodgshon,Male
644,Aldwin,Penman,Male
645,Mab,Magor,Male
646,Danika,Rousell,Female
647,Suzette,Tuddenham,Female
648,Vonny,Iacobini,Male
649,Rosalynd,Bumpass,Male
650,Farley,Conti,Female
651,Howey,Eustice,Male
652,Kearney,Baselio,Female
653,Addy,Pittford,Male
654,Rea,Routhorn,Bigender
655,Baxie,Juorio,Female
656,Mal,Riep,Male
657,Lorita,Mitchel,Male
658,Carce,Denyakin,Male
659,Torre,Hucker,Male
660,Sollie,Faley,Female
661,Chilton,Cottee,Agender
662,Bridgette,Rock,Male
663,Giacobo,Kitto,Male
664,Garwin,Johnson,Bigender
665,Kippie,Friman,Female
666,Kristo,De Marchi,Female
667,Eleanore,Easterfield,Male
668,Raimundo,Forte,Female
669,Earle,Casari,Female
670,Alaster,Dyster,Male
671,Sarah,Rodgier,Female
672,Sherri,Soares,Male
673,Hildy,McCurry,Male
674,Dotti,Searston,Male
675,Silvana,Lovelock,Female
676,Martin,Moughton,Non-binary
677,Dyanna,Velden,Female
678,Kellyann,Phidgin,Female
679,Aguste,McCrorie,Male
680,Raven,Leaman,Female
681,Wit,Gilogly,Female
682,Arin,Grout,Male
683,Hazel,Brashaw,Female
684,Mina,Labern,Male
685,Eveleen,Gossan,Female
686,Kathye,Stanaway,Male
687,Drusy,Pontain,Female
688,Rufus,Hawgood,Female
689,Antonina,Derx,Male
690,Gustavo,Bilborough,Female
691,Valentin,Jeanet,Female
692,Engracia,Sket,Male
693,Thom,Stamp,Male
694,Zebulon,Morcom,Female
695,Tate,Tilson,Bigender
696,Jamey,Pescud,Male
697,Sindee,Lymer,Female
698,Giulietta,Dunnet,Female
699,Kaia,Molohan,Male
700,Saudra,Fawloe,Male
701,Shirleen,Duddin,Male
702,Lionel,Alebrooke,Male
703,Jacqueline,Coulthard,Male
704,Damon,Lavielle,Male
705,Ariela,Marlor,Female
706,Vanessa,Gayden,Male
707,Ulrica,Wallicker,Male
708,Madelaine,Bessett,Male
709,Papagena,Sitlinton,Female
710,Rosalynd,Echalie,Male
711,Whitby,Isac,Female
712,Julieta,Pearsall,Male
713,Reube,Birtwistle,Male
714,Bertine,Buten,Male
715,Ludvig,Macknish,Non-binary
716,Roy,Cohalan,Agender
717,Stoddard,Avory,Female
718,Tracy,D'Hooghe,Genderfluid
719,Gertrud,Bodham,Male
720,Kenn,Woodger,Male
721,Laurella,Drakeley,Male
722,Grace,Keoghane,Female
723,Gib,Eddicott,Female
724,Guilbert,Margaret,Agender
725,Sarita,Loveguard,Male
726,Imogen,Ferran,Male
727,Jayme,Eva,Male
728,Stesha,Trickey,Female
729,Thibaud,Rosberg,Female
730,Heda,Clouston,Male
731,Franni,Scarasbrick,Male
732,Terese,Comport,Female
733,Karalee,Ferneyhough,Genderqueer
734,Steward,Halsted,Male
735,Cyrillus,Cullingford,Female
736,Silvio,Ruby,Male
737,Michel,Graveson,Female
738,Gertie,Kewzick,Male
739,Paddy,Ilem,Female
740,Engracia,Weedon,Genderfluid
741,Sandi,Greetham,Genderqueer
742,Doy,Fraczak,Genderfluid
743,Gena,Gostall,Male
744,Aylmar,Jacobowits,Male
745,Hubey,Bartholomieu,Male
746,Dagmar,MacPeake,Male
747,Tabor,Ruppeli,Female
748,Blaire,Apted,Female
749,Lester,Fassman,Female
750,Al,Kenshole,Female
751,Talya,Haile,Male
752,Hillery,Jee,Female
753,Linell,Luckes,Male
754,Raquela,Corben,Female
755,Tait,Spittle,Female
756,Vivien,Pawels,Male
757,Wain,Rawcliffe,Female
758,Dorothy,Yellep,Male
759,Jarrod,Secombe,Female
760,Randi,Sprowson,Female
761,Sidoney,Oakden,Female
762,Kipp,Schapiro,Agender
763,Gian,Woan,Male
764,Dalli,Brimfield,Female
765,Simon,Scotchmoor,Female
766,Anson,Duckham,Female
767,Simonette,Saunper,Male
768,Gonzalo,Rowet,Female
769,Aileen,Dreus,Female
770,Rockey,Vitall,Male
771,Hamilton,Feldman,Male
772,Sidnee,Galland,Male
773,Ondrea,Foker,Male
774,Eulalie,Upham,Female
775,Blanche,Tootin,Male
776,Glenda,McElvogue,Male
777,Glynis,Castilla,Male
778,Elonore,Stimson,Non-binary
779,Gusty,Lettsom,Female
780,Pall,Stenet,Female
781,Kelila,Segeswoeth,Female
782,Berne,Woodington,Male
783,Wain,Ferrao,Male
784,Des,Yter,Female
785,Liliane,Barthelme,Female
786,Bathsheba,Krysiak,Female
787,Estel,Shane,Female
788,Marlo,Bartkiewicz,Female
789,Fey,Durbyn,Male
790,Aubrie,Kettoe,Male
791,Neysa,Sparshett,Male
792,Valencia,Dable,Female
793,Tammi,Ede,Male
794,Johanna,Bouttell,Male
795,Luci,Tynan,Male
796,Adlai,Craig,Genderqueer
797,Pattin,Mirralls,Male
798,Shadow,MacGillivrie,Female
799,Kali,Apedaile,Male
800,Kelila,Golsthorp,Male
801,Daphne,Fenby,Polygender
802,Silvester,Bearn,Female
803,Adrien,Crispin,Male
804,Kania,Guerola,Male
805,Gustie,Harridge,Male
806,Richardo,Methuen,Female
807,Julianne,Ritmeyer,Female
808,Chris,Szwandt,Female
809,Gates,Pavlovsky,Male
810,Rozelle,Tite,Male
811,Shaun,Lanchbury,Male
812,Tadio,Muschette,Male
813,Tore,Stannion,Male
814,Garnet,Waight,Female
815,Red,Tofano,Female
816,Charlotte,Schulze,Male
817,Wat,Martschke,Male
818,Milka,Stallon,Female
819,Emmalynn,Bristoe,Female
820,Alix,Francescone,Agender
821,Nonie,Shakshaft,Male
822,Karilynn,Dechelle,Female
823,Winslow,Colleran,Female
824,Grant,McGarva,Female
825,Marris,Sicely,Genderqueer
826,Rozalin,Mosson,Genderfluid
827,Felice,Vasyutkin,Genderqueer
828,Carmina,Redmell,Female
829,Faina,Jack,Male
830,Germayne,Kaasmann,Male
831,Omero,Kirstein,Male
832,Bar,Walczynski,Male
833,Colby,Adamini,Female
834,Dalt,Stonham,Male
835,Land,Syce,Female
836,Else,Kearney,Female
837,Lyndel,McIllrick,Agender
838,Gertrudis,Vedeniktov,Female
839,Moria,McCrohon,Polygender
840,Winona,Lillicrop,Male
841,Kimberley,Linnard,Bigender
842,Loreen,McAw,Female
843,Brigida,Kelland,Female
844,Morly,Ibberson,Female
845,Ash,Georg,Female
846,Tawsha,Labone,Male
847,Jaine,Longthorne,Male
848,Thalia,Spofforth,Female
849,Haydon,Girardini,Female
850,Desdemona,Upham,Female
851,Elliott,Undrill,Female
852,Tabbatha,Gidney,Female
853,Roberto,Christescu,Male
854,Monica,Le Port,Male
855,Ezequiel,Burris,Male
856,Rochester,Hender,Male
857,Filip,Turl,Male
858,Willetta,Blakeslee,Female
859,Robinetta,Gauntlett,Female
860,Vi,Hakking,Female
861,Armand,McCrossan,Male
862,Nadya,Gersam,Female
863,Myrtie,Pedrick,Male
864,Gerda,Poupard,Female
865,Marcel,Frantz,Female
866,Maddi,Toolan,Female
867,Mirabel,Cropper,Female
868,Randy,Gomez,Male
869,Valma,McGilleghole,Female
870,Gerrie,Kubczak,Female
871,Bernette,Checci,Female
872,Jaye,Hugin,Bigender
873,Early,Knoble,Polygender
874,Nertie,Benion,Male
875,Freddie,Burgh,Male
876,Karel,Sarfat,Male
877,Halette,Honatsch,Female
878,Keith,Sedman,Male
879,Paddie,Middlemass,Female
880,Derrick,Prevost,Female
881,Vinni,Margarson,Female
882,Parrnell,Billison,Male
883,Paddy,Ianinotti,Female
884,Damaris,Roman,Male
885,Yorgos,Greenleaf,Female
886,Tanney,Stonier,Agender
887,Esther,Baldinotti,Female
888,Alvan,Niven,Non-binary
889,Andee,Keggin,Female
890,Mersey,Semeniuk,Male
891,Carroll,McGilmartin,Female
892,Dur,Trustram,Male
893,Ringo,Mapson,Male
894,Dannie,Trudgian,Female
895,Linc,Penk,Male
896,Eamon,Oldman,Female
897,Jethro,Bontoft,Male
898,Eryn,Inchan,Male
899,Roslyn,Bower,Female
900,Jeanelle,Awde,Non-binary
901,Lydie,Lopez,Male
902,Germana,Buddell,Non-binary
903,Tallia,Lorinez,Female
904,Sibley,Orbon,Female
905,Francesco,Silbert,Male
906,Merilee,Spadotto,Male
907,June,Jenken,Male
908,Alaine,Stops,Female
909,Rosaleen,MacNalley,Female
910,Blakelee,Ure,Male
911,Ardyce,Antonovic,Female
912,Alley,Merrywether,Genderqueer
913,Corenda,Maggs,Male
914,Darell,Maitland,Female
915,Maurizio,Knotton,Male
916,Veronika,Morgen,Male
917,Pryce,Maryman,Female
918,Corinna,Anning,Male
919,Kirby,MacAiline,Male
920,Sherry,Zecchii,Female
921,Aeriell,Parradice,Female
922,Nehemiah,Brent,Genderqueer
923,Darline,Colten,Male
924,Brittne,Candelin,Female
925,Lynette,Lansdown,Male
926,Sonny,Creedland,Female
927,Florrie,Pickerell,Female
928,Kai,Chrichton,Male
929,Marchall,Signoret,Polygender
930,Joell,Candey,Bigender
931,Letta,Bugge,Male
932,Nico,McElane,Female
933,Jacquie,Gotmann,Male
934,Ranna,Shortland,Female
935,Ava,Bellin,Male
936,Vidovic,Abramowitz,Female
937,Yankee,Askin,Female
938,Bradly,MacBean,Male
939,Muhammad,Slade,Male
940,Karlan,Dot,Male
941,Barbara,Dunridge,Agender
942,Peter,Managh,Male
943,Amelia,Wharby,Male
944,Ulrica,Bremmer,Male
945,Rosene,Doutch,Female
946,Moe,Fairrie,Male
947,Anastasie,Ranscombe,Female
948,Kristoforo,Sallan,Male
949,Betti,Ough,Female
950,Flossi,Shrubb,Female
951,Lonnard,Poat,Female
952,Tandie,Brownlee,Female
953,Wileen,Schade,Male
954,Linette,de Castelain,Male
955,Hillard,Steade,Female
956,Donelle,Gath,Male
957,Gauthier,Boswood,Female
958,Elonore,McCullough,Male
959,Ethan,Comiam,Male
960,Pall,Bartosik,Female
961,Jillayne,Vooght,Female
962,Ethelyn,Mandre,Female
963,Allen,Feeny,Female
964,Bertine,Morales,Male
965,Annabel,Custance,Male
966,Adara,Shaxby,Female
967,Christoper,MacCome,Female
968,Ermanno,Flag,Male
969,Myles,Tyzack,Female
970,Demetra,Farquar,Male
971,Antonius,Phippin,Male
972,Clio,Nesterov,Female
973,Paige,Postle,Male
974,Vanna,Pendlebery,Female
975,Karly,Espadater,Female
976,Benita,Bearfoot,Genderqueer
977,Tabbie,Silcox,Male
978,Drona,Thomazet,Male
979,Germaine,Harmston,Male
980,Melisa,Alesio,Female
981,Mohandas,Timmins,Female
982,Elisha,Stickland,Genderfluid
983,Herminia,Skacel,Female
984,Ruggiero,Renehan,Female
985,Nickolai,Cowpe,Female
986,Mathe,Devenny,Male
987,Maible,Stubbington,Female
988,Caresa,Sawers,Male
989,Niel,Osbaldstone,Male
990,Ranique,Petch,Female
991,Nicole,Goodered,Male
992,Donaugh,Moffett,Male
993,Yank,Packham,Female
994,Flory,Shee,Male
995,Huberto,Nussgen,Female
996,Helenka,Vasnev,Female
997,Layney,Durward,Male
998,Agretha,McKinie,Agender
999,Bernie,Munn,Male
1000,Armstrong,Hinchcliffe,Male
